Cliente,Estado,Duraci√≥n
Marcela Cattaneo,Finalizado,15 minutos
Marcela Cattaneo,Finalizado,15 minutos
Marcela Cattaneo,Finalizado,15 minutos
Marcela Cattaneo,Finalizado,15 minutos
Marcela Cattaneo,Finalizado,15 minutos
Marcela Cattaneo,Finalizado,15 minutos
Marcela Cattaneo,Finalizado,15 minutos
Marcela Cattaneo,Finalizado,15 minutos
Marcela Cattaneo,Finalizado,15 minutos
Marcela Cattaneo,Finalizado,15 minutos
Marcela Cattaneo,Finalizado,15 minutos
Marcela Cattaneo,Finalizado,15 minutos
Marcela Cattaneo,Finalizado,15 minutos
Marcela Cattaneo,Finalizado,15 minutos
